domain_name,domain_registration_date,nexus_category
edny.nyc,2014-10-08T15:00:17.000,ORG
benbria.nyc,2014-10-09T14:02:52.000,ORG
ori.nyc,2014-10-08T16:21:36.000,INDIV
slaymedia.nyc,2017-04-18T16:46:50.000,INDIV
gothamconsulting.nyc,2014-12-22T20:36:11.000,INDIV
samsara.nyc,2015-07-31T17:13:06.000,INDIV
combatclub.nyc,2018-02-24T01:13:58.000,INDIV
buddha.nyc,2014-10-03T15:51:39.000,INDIV
cruxcpa.nyc,2018-02-24T20:00:49.000,INDIV
laughteryoga.nyc,2016-06-13T14:41:57.000,ORG
dragos.nyc,2017-01-04T02:27:12.000,INDIV
ny-4-vein.nyc,2015-12-16T05:51:56.000,ORG
twm.nyc,2016-10-07T22:41:05.000,ORG
upperwestexpress.nyc,2015-04-15T20:45:07.000,ORG
adelphi.nyc,2014-10-03T15:38:51.000,ORG
kenney.nyc,2018-02-24T02:29:31.000,INDIV
whiz.nyc,2016-06-16T23:22:22.000,INDIV
noircar.nyc,2015-05-30T22:14:34.000,ORG
combatsportsclub.nyc,2018-02-24T01:14:02.000,INDIV
usambulette.nyc,2015-11-25T17:13:38.000,ORG
bwd.nyc,2016-03-29T17:58:47.000,INDIV
tommyjohn.nyc,2014-10-03T15:55:34.000,ORG
liveshow.nyc,2014-11-11T01:28:09.000,INDIV
prelicensingcourse.nyc,2015-05-08T11:51:52.000,ORG
key.nyc,2018-02-24T02:42:03.000,INDIV
maids.nyc,2016-10-09T18:49:00.000,INDIV
newyorkacupuncture.nyc,2014-10-03T15:52:30.000,INDIV
hiphop.nyc,2016-10-03T17:09:27.000,ORG
arteaga.nyc,2017-02-13T04:38:35.000,ORG
mama.nyc,2016-02-29T18:24:19.000,ORG
spg.nyc,2014-10-15T08:00:02.000,ORG
marissa.nyc,2014-10-08T19:45:16.000,INDIV
cedricjones.nyc,2015-04-22T21:59:20.000,ORG
crimmins.nyc,2015-05-29T12:51:57.000,INDIV
danimc.nyc,2014-10-08T15:00:40.000,INDIV
thebronxtoday.nyc,2014-10-03T15:32:50.000,ORG
erental.nyc,2014-11-24T19:41:59.000,INDIV
timbuktea.nyc,2014-11-07T15:36:24.000,INDIV
bestphotographer.nyc,2014-10-03T15:35:10.000,ORG
webvision.nyc,2015-01-02T20:53:33.000,INDIV
camerarepair.nyc,2015-05-19T23:42:39.000,ORG
greeninbrooklyn.nyc,2014-10-31T21:14:58.000,INDIV
youmna.nyc,2015-02-06T00:01:52.000,ORG
specialoccasions.nyc,2015-04-13T18:44:26.000,ORG
geezer.nyc,2014-10-08T15:00:43.000,INDIV
smallhotels.nyc,2014-10-08T15:01:29.000,INDIV
myfemaleplasticsurgeon.nyc,2016-01-19T20:32:08.000,INDIV
bellucci.nyc,2014-10-19T04:54:09.000,INDIV
constructionliens.nyc,2014-10-09T15:30:29.000,ORG
lfaa.nyc,2016-03-16T22:27:22.000,INDIV
106.nyc,2015-12-10T16:33:54.000,INDIV
charcoal.nyc,2016-01-20T15:31:29.000,INDIV
oliviacipolla.nyc,2015-01-07T14:15:04.000,ORG
conservancy.nyc,2018-02-24T15:46:51.000,ORG
demsker.nyc,2014-10-08T15:00:25.000,ORG
mybeautiful.nyc,2017-02-22T18:01:27.000,ORG
suki.nyc,2017-06-07T20:00:13.000,INDIV
truockcabeht.nyc,2017-04-15T02:44:41.000,ORG
eddie.nyc,2015-12-26T18:36:17.000,ORG
csnetwork.nyc,2015-01-28T18:52:16.000,ORG
legit.nyc,2016-09-13T21:31:16.000,ORG
sparren.nyc,2014-12-03T21:57:09.000,ORG
hankypanky.nyc,2014-06-20T15:12:20.000,ORG
doha.nyc,2014-11-12T23:49:12.000,INDIV
althub.nyc,2017-05-15T17:28:39.000,ORG
schweble.nyc,2014-10-03T15:48:03.000,INDIV
bfishman.nyc,2015-03-22T17:42:44.000,INDIV
sanocar.nyc,2016-12-07T01:57:07.000,ORG
breinholt.nyc,2014-10-08T15:00:29.000,INDIV
lipaugmentation.nyc,2014-11-04T20:27:19.000,ORG
jadesky.nyc,2015-05-19T01:51:05.000,INDIV
hwang.nyc,2014-10-08T17:20:34.000,INDIV
borisbidjansaberi.nyc,2014-10-03T15:41:10.000,ORG
theteencompanynyc.nyc,2018-02-24T03:33:52.000,INDIV
coneyislandart.nyc,2015-04-27T17:16:21.000,ORG
djsubay.nyc,2015-04-16T07:52:06.000,INDIV
styledbyva.nyc,2015-09-22T22:14:04.000,INDIV
fiveborosbrewing.nyc,2015-08-30T21:48:22.000,ORG
autoinsurancequotes.nyc,2014-10-08T15:50:35.000,INDIV
sabrinahall.nyc,2014-10-03T15:42:37.000,INDIV
mcglynnhayselevators.nyc,2014-11-04T20:06:51.000,ORG
alphaomega.nyc,2014-10-10T01:16:02.000,ORG
sjk.nyc,2015-12-07T23:00:24.000,ORG
cashforjunkcars.nyc,2016-05-19T16:54:42.000,ORG
dnaatelier.nyc,2017-04-27T20:26:05.000,INDIV
lovebug.nyc,2018-02-24T00:46:06.000,ORG
tudelu.nyc,2014-10-03T15:53:26.000,ORG
gentlemensclubs.nyc,2014-10-08T19:11:30.000,ORG
keitteam.nyc,2015-02-19T14:01:26.000,ORG
astoriarentals.nyc,2016-09-09T02:11:12.000,ORG
elizabethstreetgarden.nyc,2014-10-08T15:01:22.000,ORG
manhattanfruitier.nyc,2014-10-03T15:48:03.000,ORG
underneathitall.nyc,2014-10-03T15:38:34.000,ORG
paulmasseyformayor.nyc,2016-09-06T02:07:08.000,ORG
rentalsandhomes.nyc,2014-10-18T10:16:13.000,ORG
fleurdelis.nyc,2015-02-08T22:34:41.000,ORG
theepochtimes.nyc,2014-10-09T23:37:04.000,ORG
creditsuisse.nyc,2016-03-11T20:28:24.000,INDIV
microbiome.nyc,2016-02-11T17:24:25.000,INDIV
bni.nyc,2014-10-17T02:54:41.000,INDIV
88leonard.nyc,2016-09-30T13:54:09.000,INDIV
malaproject.nyc,2014-12-08T00:13:53.000,INDIV
amazonrestaurant.nyc,2017-03-14T22:33:46.000,ORG
comicconvention.nyc,2014-10-08T15:01:36.000,INDIV
franklin.nyc,2015-10-08T20:25:40.000,ORG
localmovers.nyc,2014-10-03T15:35:33.000,INDIV
heliny.nyc,2014-10-03T15:43:46.000,ORG
thebernic.nyc,2015-03-26T21:39:18.000,ORG
another.nyc,2014-11-10T17:27:41.000,INDIV
rogermulligan.nyc,2016-08-21T17:24:29.000,ORG
orthodontist.nyc,2014-11-12T00:17:16.000,ORG
selleuro.nyc,2016-09-05T02:22:51.000,INDIV
mlot.nyc,2017-05-22T16:41:25.000,INDIV
dannyquick.nyc,2015-10-14T13:35:39.000,INDIV
bigbentransportation.nyc,2015-07-13T03:28:00.000,ORG
hedgefundoffice.nyc,2014-10-03T15:34:35.000,ORG
essilor-luxottica.nyc,2017-07-20T14:21:17.000,ORG
letica.nyc,2014-10-03T15:52:46.000,INDIV
jcrcny.nyc,2014-10-08T15:01:40.000,ORG
w-financial.nyc,2014-10-08T15:01:18.000,ORG
smartsolutions.nyc,2015-09-13T14:21:28.000,INDIV
exchange86.nyc,2018-02-24T17:50:39.000,ORG
localpestcontrol.nyc,2016-06-14T22:00:08.000,ORG
rebnyactioncenter.nyc,2014-10-03T15:49:05.000,ORG
vanquet.nyc,2015-05-06T21:17:53.000,ORG
doo.nyc,2014-10-08T16:44:50.000,INDIV
wewerein.nyc,2018-02-24T02:29:31.000,INDIV
sunnysideworks.nyc,2015-03-12T23:53:40.000,INDIV
glenda.nyc,2014-10-08T16:16:36.000,INDIV
950.nyc,2014-11-05T21:51:00.000,ORG
cityskylinerealty.nyc,2014-10-08T15:01:20.000,ORG
theweddingbells.nyc,2016-09-19T21:15:13.000,ORG
fiat.nyc,2014-10-08T15:00:05.000,ORG
cappac.nyc,2016-05-23T04:55:05.000,INDIV
mendota.nyc,2014-10-08T15:01:28.000,ORG
mylincolnsquare.nyc,2015-07-16T20:43:10.000,ORG
infinite.nyc,2018-02-24T01:17:32.000,INDIV
spmonahan.nyc,2017-04-17T15:13:33.000,INDIV
fedcap.nyc,2014-10-08T15:00:39.000,ORG
jjbiasucci.nyc,2016-12-21T14:50:56.000,INDIV
445fifth.nyc,2014-10-08T21:24:29.000,ORG
natala.nyc,2014-10-08T15:00:40.000,INDIV
lucy.nyc,2014-10-03T15:44:26.000,ORG
bugsweeps.nyc,2015-02-01T01:06:08.000,ORG
vrstudenthousing.nyc,2017-06-25T18:07:44.000,INDIV
rachelbean.nyc,2014-10-14T00:54:12.000,INDIV
matthewbrown.nyc,2014-10-14T17:13:15.000,INDIV
andrewslane.nyc,2015-10-18T23:18:54.000,INDIV
bayridgefuel.nyc,2014-10-20T21:01:12.000,ORG
atheniannights.nyc,2016-09-15T18:43:31.000,ORG
superstone.nyc,2014-10-09T20:04:56.000,INDIV
boatcamp.nyc,2017-08-22T23:08:52.000,INDIV
teenhealth.nyc,2014-12-10T14:56:22.000,ORG
grace-till.nyc,2014-10-17T00:14:33.000,INDIV
sugarfoot.nyc,2016-06-16T20:56:58.000,INDIV
msasecurity.nyc,2014-10-03T15:32:56.000,ORG
schmoozing.nyc,2014-10-26T14:21:10.000,ORG
afaprotectivesystems.nyc,2014-10-08T16:57:56.000,ORG
ufopants.nyc,2014-10-03T15:32:07.000,ORG
bestdefenseattorney.nyc,2016-03-12T18:30:22.000,INDIV
finefood.nyc,2014-10-08T15:53:33.000,ORG
softsend.nyc,2018-02-24T20:28:08.000,ORG
marcoceglie.nyc,2014-11-12T20:58:10.000,INDIV
findjustice.nyc,2014-11-11T01:27:52.000,INDIV
basil.nyc,2014-11-24T19:19:08.000,ORG
velocitystudio.nyc,2017-04-23T03:25:41.000,ORG
docvee.nyc,2016-04-27T00:00:37.000,ORG
jai.nyc,2014-10-03T16:40:13.000,ORG
interactiondesign.nyc,2014-10-03T15:49:00.000,ORG
thestumbleinn.nyc,2014-10-08T15:00:19.000,ORG
sublets.nyc,2014-11-10T12:32:53.000,ORG
peterthomasroth.nyc,2015-10-30T17:42:42.000,ORG
seren.nyc,2014-10-03T15:41:33.000,INDIV
jakewallace.nyc,2014-11-21T03:24:43.000,ORG
craivd.nyc,2015-01-25T23:14:00.000,ORG
itsnotyourfault.nyc,2014-10-08T15:01:09.000,INDIV
venturefellows.nyc,2015-10-23T22:31:52.000,ORG
takebacknyc.nyc,2015-05-01T19:30:38.000,ORG
securitysystems.nyc,2015-12-26T17:34:19.000,ORG
evill.nyc,2014-11-20T15:29:07.000,INDIV
cns.nyc,2014-10-03T15:52:07.000,ORG
safeconstruction.nyc,2016-05-24T23:29:44.000,ORG
liquidclouds.nyc,2015-05-20T06:05:40.000,ORG
mused.nyc,2016-10-06T18:14:09.000,INDIV
334canalstreet.nyc,2014-10-03T15:51:38.000,ORG
accorhotels.nyc,2014-10-10T13:44:32.000,ORG
culturecloud.nyc,2017-01-31T17:56:45.000,INDIV
footcare.nyc,2014-10-29T14:32:36.000,INDIV
kagamine.nyc,2017-03-06T04:36:51.000,ORG
eatweek.nyc,2017-08-27T20:16:34.000,INDIV
gtn.nyc,2014-10-03T15:31:46.000,ORG
theocdstore.nyc,2017-06-22T19:10:58.000,ORG
dmjkurtz.nyc,2014-10-08T15:01:16.000,INDIV
uag.nyc,2015-04-08T19:34:44.000,INDIV
michaelfrost.nyc,2016-10-18T02:57:20.000,INDIV
stallion.nyc,2014-10-03T15:32:32.000,ORG
theteencompany.nyc,2018-02-24T03:33:50.000,INDIV
caitlin.nyc,2017-05-27T01:40:02.000,ORG
building.nyc,2016-10-03T17:09:19.000,ORG
bookclub.nyc,2017-02-28T15:10:37.000,INDIV
shareoffices.nyc,2014-10-08T16:49:23.000,ORG
soar.nyc,2014-10-08T15:00:16.000,INDIV
jbrown.nyc,2014-11-16T05:19:52.000,INDIV
virtualproperty.nyc,2014-11-11T15:37:07.000,ORG
circajewelry.nyc,2015-01-31T20:03:32.000,INDIV
nylo.nyc,2014-10-27T21:04:26.000,ORG
bitcoinexchange.nyc,2014-10-09T03:05:27.000,INDIV
yellowhouse.nyc,2016-02-20T20:23:09.000,INDIV
nationofny.nyc,2016-11-11T19:24:03.000,ORG
taxfreetransit.nyc,2014-10-29T13:42:02.000,ORG
upperwestguide.nyc,2016-11-06T22:55:30.000,INDIV
acestaffing.nyc,2016-06-05T20:57:33.000,ORG
savagesunited.nyc,2016-05-12T19:17:40.000,ORG
mikebloomberg-unenvoy.nyc,2014-10-22T16:49:41.000,ORG
windowcleaning.nyc,2014-10-03T15:53:25.000,ORG
blackceoent.nyc,2018-02-24T23:08:24.000,INDIV
peppermint.nyc,2017-01-11T05:46:06.000,INDIV
461deanstreetbklyn.nyc,2015-05-27T17:17:51.000,ORG
165thstreetmallbid.nyc,2014-07-22T19:59:05.000,ORG
smartypants.nyc,2016-02-08T20:54:26.000,ORG
fixitpros.nyc,2018-02-24T13:54:40.000,INDIV
pooch.nyc,2014-10-08T21:37:17.000,INDIV
we.nyc,2016-06-16T15:57:53.000,ORG
truly.nyc,2014-11-14T17:45:48.000,INDIV
harel.nyc,2014-10-09T16:57:16.000,INDIV
carsforfilm.nyc,2017-03-24T16:53:23.000,INDIV
pmk.nyc,2014-10-08T17:13:33.000,INDIV
haystack.nyc,2014-10-03T15:48:14.000,INDIV
francesca.nyc,2014-10-03T15:53:48.000,INDIV
ballzy.nyc,2015-06-20T15:43:15.000,INDIV
mindfultimo.nyc,2014-11-16T14:50:31.000,ORG
mazelvebracha.nyc,2016-07-29T17:22:34.000,ORG
backflowtesting.nyc,2015-10-23T19:43:01.000,INDIV
totallyfake.nyc,2014-12-13T03:24:30.000,INDIV
reikimaster.nyc,2015-07-22T19:54:20.000,ORG
do212.nyc,2015-02-12T22:56:05.000,INDIV
fundraise.nyc,2016-01-26T05:47:24.000,ORG
hollandpark.nyc,2015-10-16T15:22:14.000,INDIV
rubg.nyc,2015-04-30T21:52:10.000,ORG
cyc.nyc,2014-10-12T20:17:42.000,INDIV
4goodradio.nyc,2015-04-09T23:36:20.000,ORG
copyrightcowboy.nyc,2015-07-06T22:55:27.000,ORG
lovebugcafe.nyc,2018-02-24T00:46:06.000,ORG
agefriendlyd36bk.nyc,2017-03-09T02:58:26.000,ORG
gayrelationships.nyc,2016-03-12T05:46:42.000,INDIV
jeffan.nyc,2014-10-15T16:10:43.000,INDIV
bootypop.nyc,2014-11-12T05:28:48.000,INDIV
thekennedys.nyc,2016-02-27T22:44:58.000,ORG
ursfischer.nyc,2014-10-03T15:54:38.000,ORG
eshane.nyc,2014-10-31T03:02:45.000,INDIV
bestsportsbarsnewyork.nyc,2015-06-16T01:20:42.000,ORG
constellationcapital.nyc,2015-06-24T14:17:21.000,INDIV
lazerlevi.nyc,2015-06-30T18:30:43.000,INDIV
bodysculptcenter.nyc,2014-10-08T15:01:19.000,ORG
smarterskin.nyc,2015-01-07T01:25:09.000,INDIV
wildponies.nyc,2014-10-27T05:00:21.000,INDIV
uncensored.nyc,2017-01-19T17:47:37.000,ORG
fit-journey.nyc,2017-03-09T22:18:05.000,ORG
nobu.nyc,2015-10-16T12:44:23.000,INDIV
nicegrowbox.nyc,2014-12-04T17:33:41.000,ORG
andreaskeller.nyc,2016-12-31T06:02:40.000,INDIV
longwave.nyc,2015-05-06T13:46:40.000,ORG
fiftyplus.nyc,2017-07-19T12:07:40.000,INDIV
willscookies.nyc,2014-11-09T21:27:37.000,INDIV
squarewine.nyc,2014-11-10T00:09:47.000,ORG
epssubstitute.nyc,2015-01-11T14:36:16.000,INDIV
sats.nyc,2015-01-24T08:24:58.000,INDIV
isobelrusse.nyc,2015-05-28T21:29:03.000,INDIV
krushstudios.nyc,2018-02-24T06:27:34.000,ORG
curvyassets.nyc,2018-02-24T03:42:47.000,ORG
grand.nyc,2017-01-13T23:38:09.000,ORG
mlmrealtruth.nyc,2015-05-27T21:31:38.000,INDIV
moondogvfx.nyc,2015-02-17T17:34:01.000,INDIV
guap.nyc,2014-10-10T13:46:42.000,INDIV
oneof.nyc,2014-11-20T05:00:46.000,INDIV
vrtours.nyc,2015-02-24T04:21:22.000,INDIV
699.nyc,2014-11-22T17:45:37.000,ORG
ivankatrump.nyc,2014-10-08T15:00:37.000,ORG
mamachia.nyc,2014-11-10T04:49:25.000,INDIV
hedgestar.nyc,2017-03-17T01:29:48.000,INDIV
nmi.nyc,2014-10-08T17:35:55.000,ORG
csfair.nyc,2015-12-18T22:58:32.000,ORG
bureaux.nyc,2016-04-05T14:37:10.000,ORG
hairstylist.nyc,2016-10-07T16:45:38.000,ORG
commercialfinancing.nyc,2014-11-08T01:37:14.000,INDIV
photowalk.nyc,2014-10-08T22:28:00.000,INDIV
akbar.nyc,2014-10-09T03:05:42.000,INDIV
janitorialdistributor.nyc,2015-01-28T18:57:14.000,INDIV
thisweek.nyc,2017-09-15T21:17:22.000,ORG
mattwood.nyc,2014-10-08T17:10:19.000,INDIV
companion.nyc,2014-10-08T15:00:19.000,ORG
davidtisch.nyc,2014-10-03T16:40:08.000,ORG
awad.nyc,2014-10-08T15:00:17.000,INDIV
wcg.nyc,2016-07-05T18:46:58.000,ORG
highrisefireandsecurity.nyc,2014-10-03T15:33:07.000,INDIV
jessicamcclintock.nyc,2015-09-11T14:56:53.000,ORG
thefightclub.nyc,2015-10-09T15:24:01.000,ORG
blist.nyc,2017-01-10T18:13:44.000,INDIV
svbfinancial.nyc,2014-10-03T15:32:49.000,INDIV
davidlerner.nyc,2014-10-03T15:54:10.000,ORG
graphicinstall.nyc,2014-10-24T21:32:09.000,ORG
mediamasters.nyc,2014-10-08T17:07:33.000,ORG
shoplemonade.nyc,2017-03-26T20:44:42.000,ORG
ratedrstudios.nyc,2016-10-23T21:09:28.000,ORG
insiders.nyc,2014-10-08T15:00:12.000,ORG
grovo.nyc,2014-10-08T15:01:18.000,ORG
streetworkshop.nyc,2015-06-25T16:45:01.000,INDIV
fatburger.nyc,2014-11-10T18:37:29.000,INDIV
decorators.nyc,2014-10-03T15:44:25.000,INDIV
oko.nyc,2015-05-23T18:24:38.000,INDIV
oilheat.nyc,2014-11-11T01:29:20.000,INDIV
chefemily.nyc,2016-01-01T01:46:13.000,ORG
defib.nyc,2015-06-15T08:31:08.000,ORG
gotapi.nyc,2015-10-29T21:16:49.000,INDIV
feednewyork.nyc,2014-10-10T12:27:30.000,ORG
harpergroup.nyc,2014-10-08T15:00:49.000,ORG
paulinelu.nyc,2015-01-27T23:30:39.000,INDIV
wwward.nyc,2014-10-03T15:34:39.000,INDIV
bluenile.nyc,2014-10-18T17:26:26.000,INDIV
handymen.nyc,2014-10-29T14:32:31.000,ORG
kewgardens.nyc,2016-05-24T14:57:22.000,ORG
louie.nyc,2015-10-08T20:11:50.000,ORG
adventureswiththelightgods.nyc,2014-10-03T15:55:17.000,INDIV
bsa-gnyc.nyc,2014-10-03T15:47:57.000,ORG
michaelgreenberg.nyc,2014-10-08T21:50:31.000,INDIV
bases.nyc,2017-07-18T03:18:02.000,INDIV
apartments4rent.nyc,2014-10-08T15:01:44.000,INDIV
mattheweck.nyc,2016-01-14T15:22:01.000,ORG
campaigns.nyc,2015-03-10T01:03:24.000,ORG
percussion.nyc,2014-10-29T02:44:54.000,ORG
coneyisland.nyc,2016-06-03T20:53:39.000,ORG
parknorthdentistry.nyc,2016-02-27T21:31:28.000,ORG
vanduzercivic.nyc,2017-02-05T04:29:53.000,ORG
saved.nyc,2014-10-14T00:14:10.000,ORG
100000.nyc,2016-01-19T02:55:01.000,ORG
shamaila.nyc,2014-10-09T03:05:46.000,INDIV
antiquegarage.nyc,2016-11-29T05:26:21.000,INDIV
comicbookstore.nyc,2014-10-20T15:38:52.000,ORG
jonx.nyc,2017-01-18T05:08:23.000,INDIV
castel.nyc,2014-10-08T15:47:34.000,INDIV
hat.nyc,2014-10-03T15:45:01.000,INDIV
staff.nyc,2015-10-08T19:13:37.000,INDIV
upbuild.nyc,2014-10-25T11:28:12.000,ORG
50thingstodoin.nyc,2018-02-25T21:55:22.000,INDIV
mcdw.nyc,2015-01-08T22:25:20.000,ORG
partybusfactory.nyc,2018-02-25T06:54:47.000,ORG
ontimecarpetcleaning.nyc,2015-10-02T00:25:54.000,ORG
bestpizzaplacesin.nyc,2018-02-25T21:48:26.000,ORG
citybeagle.nyc,2014-10-08T18:31:50.000,ORG
imusic.nyc,2017-01-26T02:29:37.000,ORG
dude.nyc,2017-01-16T23:18:34.000,INDIV
abortionpillsnyc.nyc,2014-10-03T15:52:06.000,ORG
amtrak.nyc,2016-03-11T17:54:50.000,INDIV
richpalate.nyc,2016-04-29T20:00:28.000,INDIV
xcitesus.nyc,2016-12-27T00:55:32.000,ORG
party.nyc,2016-10-03T17:09:32.000,ORG
artnetting.nyc,2015-03-17T03:06:08.000,ORG
syndrome.nyc,2016-05-18T00:20:52.000,ORG
cooney.nyc,2014-10-09T15:05:00.000,INDIV
tribecatherapy.nyc,2014-10-09T14:01:14.000,INDIV
5boroughbeer.nyc,2016-05-21T18:41:50.000,ORG
bikeaccidents.nyc,2014-10-03T15:34:52.000,ORG
accor.nyc,2016-04-14T16:17:04.000,ORG
inthelab.nyc,2014-11-05T15:45:48.000,ORG
hondanyc.nyc,2014-10-09T01:20:36.000,INDIV
newyorkjobdiscriminationlawyer.nyc,2015-06-23T17:01:38.000,ORG
menorahparade.nyc,2014-11-28T01:56:56.000,ORG
jfisher.nyc,2016-11-17T15:31:39.000,INDIV
3dmedia.nyc,2016-08-29T19:11:53.000,INDIV
stranger.nyc,2018-02-25T22:56:46.000,INDIV
human.nyc,2018-02-25T18:38:11.000,ORG
meyowyow.nyc,2015-04-05T18:59:01.000,ORG
coinbase.nyc,2018-02-25T00:49:46.000,INDIV
alea.nyc,2016-08-08T03:13:05.000,INDIV
delacruz.nyc,2015-12-07T17:08:36.000,ORG
top200idfootball.nyc,2016-03-04T00:23:58.000,INDIV
70charlton.nyc,2014-10-14T17:46:18.000,ORG
simonsny.nyc,2014-10-08T15:00:43.000,ORG
gala.nyc,2014-10-03T15:55:12.000,INDIV
airexmarket.nyc,2015-01-20T19:53:27.000,ORG
necklift.nyc,2014-10-12T15:54:02.000,ORG
bitcoinclub.nyc,2015-02-02T21:25:10.000,ORG
whocaresclothing.nyc,2014-10-03T15:45:00.000,INDIV
kettlecafe.nyc,2015-03-21T12:29:18.000,INDIV
troymc.nyc,2015-05-21T22:42:08.000,INDIV
paintciti.nyc,2017-02-14T21:46:07.000,ORG
rdc.nyc,2017-05-23T21:05:55.000,ORG
handsthatmold.nyc,2016-03-09T02:08:43.000,INDIV
nycdrones.nyc,2017-01-25T02:34:45.000,ORG
brunogroup.nyc,2018-02-25T15:40:52.000,ORG
petproject.nyc,2017-06-02T17:18:57.000,INDIV
christinakw.nyc,2016-03-14T05:17:12.000,INDIV
musicproducers.nyc,2014-10-03T15:32:25.000,INDIV
ultrasonicrhinoplasty.nyc,2016-09-12T09:29:44.000,INDIV
arethusa.nyc,2014-10-03T15:45:12.000,INDIV
broadwaytheatres.nyc,2014-10-08T15:01:19.000,ORG
firstnationwidetitle.nyc,2014-11-12T15:09:15.000,ORG
litepay.nyc,2018-02-25T00:49:55.000,INDIV
jonathanhcamacho.nyc,2014-10-22T00:56:10.000,INDIV
computertechnologysolutions.nyc,2015-03-09T07:23:03.000,INDIV
hartcreative.nyc,2016-04-16T13:23:36.000,INDIV
emergencypassport.nyc,2014-10-24T16:28:04.000,INDIV
elizabethstreet.nyc,2014-10-03T15:38:39.000,INDIV
structuredsettlement.nyc,2014-11-03T02:07:46.000,INDIV
nycdebates.nyc,2014-10-02T20:44:35.000,ORG
hellgatepost.nyc,2014-11-09T19:12:50.000,ORG
urus.nyc,2015-03-03T17:28:09.000,ORG
codycowan.nyc,2014-10-10T18:46:21.000,INDIV
bouklaslaw.nyc,2014-10-03T15:39:55.000,ORG
newyorkfloors.nyc,2015-05-04T02:01:09.000,ORG
pizzaplacesin.nyc,2018-02-25T21:45:42.000,INDIV
group-portrait.nyc,2014-10-03T15:36:37.000,ORG
crozierfinearts.nyc,2014-10-03T15:42:42.000,ORG
oracleprivatejets.nyc,2015-04-07T02:53:33.000,ORG
mpt.nyc,2014-12-13T17:41:01.000,ORG
ozmanagement.nyc,2014-10-08T18:06:57.000,ORG
hospitalityconceptsandsolutions.nyc,2015-04-06T15:19:26.000,ORG
pensrus.nyc,2014-10-08T21:06:54.000,ORG
starman.nyc,2015-06-30T18:30:27.000,ORG
decorativeartsarea.nyc,2014-10-08T17:04:07.000,ORG
bldg77.nyc,2014-10-08T18:56:48.000,ORG
xxxi.nyc,2015-08-25T19:05:21.000,ORG
dea.nyc,2014-11-07T03:24:47.000,ORG
bestburgersin.nyc,2018-02-25T21:55:22.000,ORG
playusa.nyc,2015-06-05T16:14:21.000,ORG
tribecafilm.nyc,2014-10-03T15:40:47.000,INDIV
firealarms.nyc,2014-10-22T17:30:59.000,INDIV
jigme.nyc,2018-02-25T01:47:30.000,INDIV
tjjackson.nyc,2018-02-25T06:19:52.000,INDIV
mintwood.nyc,2018-02-25T23:41:31.000,INDIV
efficiensuite.nyc,2016-02-01T17:29:02.000,ORG
rubell.nyc,2015-03-31T01:20:16.000,INDIV
bogdani.nyc,2014-10-08T15:01:37.000,INDIV
sheerstrides.nyc,2017-03-12T03:31:33.000,ORG
monitoring.nyc,2014-10-12T04:11:02.000,INDIV
greencpa.nyc,2016-02-06T01:23:00.000,INDIV
curriculum.nyc,2014-10-26T19:08:59.000,ORG
kafana.nyc,2014-11-07T21:14:51.000,INDIV
megarealtygroup.nyc,2017-07-14T21:16:31.000,ORG
mascreative.nyc,2017-04-17T20:58:38.000,ORG
rhythm.nyc,2014-10-08T15:00:07.000,INDIV
elmorejames.nyc,2015-02-04T19:01:49.000,INDIV
aidenlee.nyc,2014-12-26T17:29:24.000,INDIV
cryobody.nyc,2016-04-27T13:22:51.000,INDIV
mypeace.nyc,2014-10-13T04:49:27.000,INDIV
secondtrimesterabortion.nyc,2014-10-03T15:54:55.000,ORG
blueexpressions.nyc,2015-07-24T00:22:09.000,INDIV
createbuzz.nyc,2014-10-08T15:00:52.000,INDIV
outskirts.nyc,2014-10-08T15:00:27.000,ORG
jacobgold.nyc,2014-11-08T23:40:55.000,INDIV
decorativearts.nyc,2014-10-08T17:04:28.000,ORG
mtaylor.nyc,2016-08-10T14:49:33.000,INDIV
modernbuilt.nyc,2014-10-18T21:21:05.000,INDIV
playboy.nyc,2014-10-08T15:00:04.000,INDIV
389.nyc,2016-10-30T00:44:09.000,INDIV
varickmm.nyc,2014-10-03T15:39:20.000,ORG
aps.nyc,2014-10-10T17:39:28.000,ORG
muldoonbrittonus.nyc,2015-06-13T23:05:16.000,ORG
rail.nyc,2014-10-09T02:05:45.000,INDIV
wigsof.nyc,2018-02-25T15:47:08.000,INDIV
handcrafted.nyc,2014-10-17T16:59:11.000,INDIV
rgrennie.nyc,2014-10-08T15:01:00.000,INDIV
bayridgehomes.nyc,2014-10-27T18:27:46.000,INDIV
sasson.nyc,2015-04-05T17:29:27.000,INDIV
truthvalues.nyc,2014-10-11T17:03:46.000,ORG
seeit.nyc,2016-06-18T03:43:10.000,INDIV
ryangomez.nyc,2014-10-09T14:06:38.000,INDIV
7four7.nyc,2016-01-19T15:33:39.000,INDIV
octapoda.nyc,2016-09-06T20:48:12.000,ORG
rosepolidoro.nyc,2014-10-03T15:35:21.000,INDIV
imax.nyc,2014-10-03T15:53:26.000,ORG
bestchinesefoodin.nyc,2018-02-25T21:55:22.000,ORG
soof.nyc,2014-10-10T13:31:33.000,INDIV
ofcourse.nyc,2014-12-22T20:55:22.000,INDIV
katespadesaturday.nyc,2014-06-20T15:12:09.000,ORG
344.nyc,2014-10-22T16:19:34.000,INDIV
heard.nyc,2014-12-13T01:28:16.000,INDIV
esk8.nyc,2016-07-19T11:16:55.000,INDIV
qingdan.nyc,2017-09-07T23:38:04.000,INDIV
petiteshoes.nyc,2014-10-08T15:00:43.000,INDIV
official-photographers.nyc,2014-11-13T12:34:08.000,ORG
astrologynyc.nyc,2014-10-03T15:46:03.000,INDIV
roma.nyc,2018-02-25T11:43:02.000,INDIV
picturesque.nyc,2016-08-17T00:27:27.000,INDIV
constructioncare.nyc,2018-02-25T23:34:32.000,INDIV
1110parkavenue.nyc,2014-10-03T15:37:23.000,ORG
vectordesign.nyc,2014-10-08T15:13:20.000,ORG
diamondsupplyco.nyc,2014-10-12T17:56:29.000,INDIV
massage.nyc,2016-09-27T20:45:06.000,ORG
jessesgirl.nyc,2016-05-27T00:36:14.000,ORG
brrrn.nyc,2015-08-27T02:28:37.000,INDIV
abogadosdeaccidentes.nyc,2014-11-20T00:17:20.000,ORG
ailab.nyc,2016-07-15T12:53:15.000,ORG
lehan.nyc,2014-10-03T15:45:12.000,ORG
srp.nyc,2014-10-21T04:43:29.000,INDIV
luckynumber.nyc,2015-07-08T21:50:33.000,INDIV
ssd.nyc,2014-10-03T15:53:15.000,INDIV
ctown5thave.nyc,2017-08-03T22:51:45.000,INDIV
akadia.nyc,2015-10-16T23:14:09.000,INDIV
franswers.nyc,2014-10-08T21:18:28.000,INDIV
rdw.nyc,2018-02-25T22:24:27.000,ORG
royalrugs.nyc,2018-02-25T17:18:26.000,INDIV
5star.nyc,2014-10-08T15:01:42.000,INDIV
100thingstodoin.nyc,2018-02-25T21:50:21.000,ORG
drainage.nyc,2014-10-08T15:00:07.000,ORG
youcanmakeitthere.nyc,2014-10-08T15:01:20.000,INDIV
cityharvest.nyc,2014-10-10T12:27:30.000,ORG
showtix.nyc,2015-08-21T00:27:45.000,INDIV
kieserman.nyc,2014-12-21T21:52:16.000,INDIV
375park.nyc,2014-10-08T17:17:41.000,ORG
lusitano.nyc,2016-02-24T20:44:07.000,INDIV
sbaloans.nyc,2018-02-26T00:56:51.000,INDIV
386th.nyc,2016-11-01T15:11:38.000,ORG
allisoncameron.nyc,2015-02-06T17:17:14.000,INDIV
discounttickets.nyc,2014-10-08T15:00:19.000,INDIV
hashgraph.nyc,2018-02-25T00:49:47.000,INDIV
pysis.nyc,2014-10-08T16:55:11.000,INDIV
ethers.nyc,2018-02-25T00:49:46.000,INDIV
donutfactory.nyc,2018-02-25T06:54:47.000,INDIV
license.nyc,2014-10-08T15:00:09.000,ORG
neuropsychology.nyc,2014-10-03T15:55:35.000,ORG
pubquiz.nyc,2014-10-08T15:01:04.000,INDIV
getclassical.nyc,2016-03-16T04:20:54.000,ORG
holacartagena.nyc,2016-04-04T00:56:30.000,ORG
gogobar.nyc,2016-01-13T06:29:58.000,ORG
lmp.nyc,2014-10-08T15:00:32.000,ORG
joho.nyc,2015-10-20T05:54:21.000,INDIV
unlike.nyc,2017-07-22T15:41:34.000,INDIV
soberlivinghouses.nyc,2018-02-26T20:54:55.000,ORG
destinationkors.nyc,2014-10-03T15:51:55.000,ORG
boardingpass.nyc,2018-02-26T23:12:33.000,INDIV
hudsonyardssynagogue.nyc,2016-07-26T19:53:53.000,ORG
boxcollective.nyc,2017-05-24T17:03:36.000,ORG
highlinestages.nyc,2014-10-10T03:29:53.000,ORG
qualityshop.nyc,2014-10-08T17:32:50.000,INDIV
organicrestautants.nyc,2015-10-04T16:41:30.000,INDIV
orderly.nyc,2018-02-22T16:40:24.000,INDIV
gilford.nyc,2014-10-08T17:16:40.000,INDIV
woodwindrepair.nyc,2017-05-02T20:40:09.000,ORG
watchmanmedia.nyc,2014-10-09T21:21:00.000,INDIV
biergarten.nyc,2014-11-02T02:40:15.000,INDIV
dalita.nyc,2014-10-24T12:41:34.000,INDIV
1worldsymphony.nyc,2015-08-16T16:30:49.000,INDIV
jrexplorersclub.nyc,2015-06-26T16:24:12.000,ORG
framedmirrors.nyc,2014-10-12T00:51:49.000,INDIV
chather.nyc,2017-03-21T06:39:37.000,ORG
cheapvacations.nyc,2014-10-31T04:23:16.000,ORG
pmc.nyc,2014-10-09T19:37:52.000,ORG
fallpreview.nyc,2017-03-01T20:51:59.000,ORG
crunchgym.nyc,2014-10-08T15:01:34.000,INDIV
playgirl.nyc,2014-10-08T15:00:33.000,INDIV
trucklettering.nyc,2015-07-16T20:40:09.000,INDIV
beknown.nyc,2018-02-26T21:30:16.000,INDIV
transportationaccidentlawyers.nyc,2016-03-23T18:56:48.000,ORG
crowlers.nyc,2016-01-14T16:42:42.000,INDIV
halfwayhackerhouse.nyc,2017-07-25T16:01:14.000,ORG
childrensphotographer.nyc,2014-10-08T21:21:24.000,INDIV
simit.nyc,2014-10-09T19:27:21.000,INDIV
bobbywhill.nyc,2015-10-06T00:38:52.000,INDIV
highcotton.nyc,2015-05-30T05:36:37.000,INDIV
peninsula.nyc,2017-08-25T23:27:13.000,INDIV
warrenbuffet.nyc,2018-02-26T13:40:02.000,INDIV
townandcountry.nyc,2015-06-02T19:35:02.000,INDIV
theconjuringroom.nyc,2016-01-06T16:32:46.000,INDIV
annas.nyc,2015-07-14T19:19:41.000,ORG
krause.nyc,2014-10-08T15:00:01.000,ORG
woodbranch.nyc,2014-10-08T15:00:53.000,INDIV
eventure.nyc,2018-02-26T18:25:32.000,ORG
sciencegallery.nyc,2014-10-08T15:00:51.000,INDIV
smugglervr.nyc,2014-10-14T18:23:20.000,ORG
bnsfresh.nyc,2015-04-26T03:12:31.000,ORG
burris.nyc,2018-02-26T16:03:32.000,INDIV
smg.nyc,2014-10-08T20:15:59.000,ORG
refinancetoday.nyc,2014-10-08T15:01:22.000,INDIV
deathrock.nyc,2014-11-14T06:25:30.000,INDIV
gregrobbins.nyc,2014-10-20T12:56:23.000,INDIV
lisawager.nyc,2014-10-08T15:01:03.000,INDIV
mathtutors.nyc,2014-10-08T21:58:02.000,ORG
northof.nyc,2016-04-19T20:38:23.000,INDIV
7worldtrade.nyc,2017-08-15T04:26:37.000,ORG
urbanshaman.nyc,2014-10-12T01:29:58.000,ORG
abortionclinics.nyc,2014-10-30T16:34:38.000,ORG
nohoapartments.nyc,2014-10-03T15:38:33.000,INDIV
gofree.nyc,2017-01-19T02:13:19.000,INDIV
tymco.nyc,2015-03-11T18:23:49.000,ORG
eggdonorprogram.nyc,2014-12-10T14:57:13.000,ORG
bigapplephototours.nyc,2014-10-26T22:44:33.000,INDIV
coned-everythingmatters.nyc,2016-03-02T20:05:31.000,ORG
stephenbrewer.nyc,2014-10-12T13:17:00.000,INDIV
momentumeducation.nyc,2014-10-08T15:01:21.000,ORG
plaintiffime.nyc,2014-12-18T18:46:24.000,ORG
harlemstandard.nyc,2015-01-22T21:14:48.000,ORG
younglifestories.nyc,2017-01-18T19:36:05.000,ORG
gsinsulation.nyc,2017-05-04T19:51:40.000,ORG
eckhaus.nyc,2014-12-17T23:47:46.000,INDIV
randallmanor.nyc,2016-05-24T14:56:07.000,ORG
myday.nyc,2015-01-22T04:29:26.000,INDIV
josephburo.nyc,2014-10-08T15:01:18.000,ORG
lepainquotidien.nyc,2014-10-03T15:37:17.000,ORG
gonytours.nyc,2016-05-30T13:16:45.000,ORG
fineartappraisals.nyc,2016-03-12T18:29:59.000,INDIV
volt.nyc,2016-04-13T06:42:35.000,INDIV
satan.nyc,2017-05-17T04:51:09.000,INDIV
privateabortion.nyc,2014-10-03T15:52:01.000,ORG
shericlemons.nyc,2015-10-05T23:40:13.000,INDIV
newhouseorder.nyc,2018-02-26T22:02:19.000,ORG
soberliving.nyc,2018-02-26T20:54:55.000,ORG
corporateinvestigations.nyc,2014-10-09T15:23:15.000,ORG
mfc.nyc,2014-11-04T23:59:54.000,ORG
visitorinfo.nyc,2015-05-12T23:16:39.000,INDIV
wuliangye.nyc,2014-10-08T15:01:09.000,ORG
socialhour.nyc,2014-10-14T14:51:16.000,ORG
play-in.nyc,2017-04-12T15:44:36.000,INDIV
hvdt.nyc,2016-03-27T02:18:29.000,ORG
vrfilm.nyc,2017-08-04T21:15:45.000,INDIV
urbansass.nyc,2015-03-06T17:11:21.000,INDIV
cflaw.nyc,2015-03-16T20:26:43.000,INDIV
colorworks.nyc,2017-02-20T03:28:31.000,ORG
spending.nyc,2015-01-03T22:56:19.000,INDIV
imedical.nyc,2014-11-24T04:39:36.000,ORG
optimalspaces.nyc,2014-12-05T16:11:53.000,ORG
workin.nyc,2017-04-11T19:02:49.000,INDIV
thegarmentdistrict.nyc,2014-10-03T15:50:53.000,INDIV
sendintheclowns.nyc,2014-10-03T15:44:20.000,INDIV
christiancalabro.nyc,2016-01-19T02:02:59.000,ORG
narrativeengine.nyc,2014-11-20T02:54:48.000,ORG
jlaw.nyc,2017-09-15T03:09:02.000,ORG
itsinqns.nyc,2018-02-26T14:28:08.000,INDIV
themeurice.nyc,2014-10-08T17:57:03.000,ORG
astorplace.nyc,2014-10-03T15:48:54.000,INDIV
thompsondoor.nyc,2014-10-03T15:44:43.000,ORG
genr.nyc,2015-03-28T16:26:35.000,ORG
unobtainable.nyc,2014-10-08T15:00:12.000,INDIV
throgsneck.nyc,2016-05-24T14:56:36.000,ORG
nfb.nyc,2017-07-29T23:06:29.000,ORG
bedstudy.nyc,2017-06-12T20:03:33.000,INDIV
401seventhavenue.nyc,2014-10-03T15:46:20.000,ORG
uscgaux.nyc,2014-11-14T17:56:17.000,ORG
greensymphony.nyc,2016-06-30T15:17:03.000,ORG
catholicculture.nyc,2014-10-03T15:55:34.000,INDIV
pubcrawls.nyc,2015-01-20T01:53:55.000,ORG
bristolplaza.nyc,2014-10-08T15:00:56.000,ORG
nataliaborges.nyc,2018-02-26T20:28:30.000,INDIV
barcar.nyc,2017-06-11T17:16:04.000,ORG
wcw.nyc,2018-02-26T05:49:19.000,ORG
romanhattan.nyc,2014-10-09T00:50:06.000,INDIV
michaelwolf.nyc,2014-10-08T15:00:53.000,INDIV
gardenbay.nyc,2016-05-24T14:56:57.000,ORG
hundredpercent.nyc,2018-02-26T07:01:28.000,INDIV
creditfixpros.nyc,2017-06-29T22:02:52.000,ORG
freshstart.nyc,2014-10-22T17:33:51.000,ORG
liveyour.nyc,2018-02-26T21:57:40.000,ORG
jvg.nyc,2014-10-09T17:34:16.000,INDIV
bestcriminallawyer.nyc,2016-03-12T18:30:15.000,INDIV
bettercorp.nyc,2015-06-17T04:00:22.000,INDIV
taffy.nyc,2014-10-11T15:11:51.000,INDIV
nancypackes.nyc,2014-10-08T15:01:05.000,INDIV
greenestreet.nyc,2014-10-29T21:51:47.000,ORG
chapterii.nyc,2017-08-10T18:01:07.000,ORG
collect.nyc,2016-06-22T04:09:49.000,INDIV
vanderbilt.nyc,2018-02-26T16:03:31.000,INDIV
chiropractormidtown.nyc,2016-04-14T19:15:03.000,ORG
401e80.nyc,2014-10-03T15:38:27.000,ORG
hc1901.nyc,2014-10-09T20:45:33.000,ORG
totallyawesome.nyc,2014-10-08T15:00:27.000,INDIV
spatique.nyc,2014-10-09T23:32:27.000,INDIV
impackt.nyc,2015-05-22T12:42:56.000,INDIV
vizalytics.nyc,2014-10-03T15:44:55.000,ORG
hallak.nyc,2014-10-03T15:47:46.000,ORG
hoperentals.nyc,2018-02-26T22:13:48.000,INDIV
globalcluster.nyc,2015-03-02T17:27:03.000,ORG
tch.nyc,2017-04-09T15:27:48.000,INDIV
ggllc.nyc,2017-04-25T22:27:43.000,ORG
bridalregistry.nyc,2014-10-08T17:00:27.000,INDIV
securitycompanies.nyc,2018-02-26T05:07:40.000,INDIV
centralparksouth.nyc,2014-10-03T15:52:34.000,INDIV
texasrotisserie.nyc,2015-08-31T16:03:26.000,INDIV
retailstore.nyc,2016-01-25T17:33:33.000,ORG
lawyerup.nyc,2014-10-08T15:01:07.000,INDIV
consentien.nyc,2016-10-25T19:14:52.000,ORG
completelybare.nyc,2014-11-11T19:43:34.000,ORG
jake.nyc,2014-11-04T17:57:29.000,ORG
sedannow.nyc,2014-10-08T16:52:05.000,INDIV
gothamdivers.nyc,2016-07-31T18:56:38.000,INDIV
evictnow.nyc,2015-01-18T03:16:46.000,ORG
makewell.nyc,2014-10-08T15:00:35.000,INDIV
marijuana-attorney.nyc,2016-02-12T19:09:50.000,INDIV
unlimitedfurniture.nyc,2014-12-08T16:32:58.000,INDIV
roberage.nyc,2014-10-08T15:00:59.000,INDIV
hairshop.nyc,2015-07-18T00:52:41.000,INDIV
ericakatz.nyc,2014-10-10T20:02:26.000,INDIV
yoav.nyc,2016-12-20T20:01:38.000,ORG
shopjobs.nyc,2018-02-26T13:53:57.000,ORG
medicinalcannabis.nyc,2015-02-06T22:31:03.000,INDIV
corkerywine.nyc,2014-10-20T02:46:11.000,INDIV
parc.nyc,2014-10-08T15:00:03.000,INDIV
michaelsconsignment.nyc,2014-10-03T15:40:59.000,ORG
sterling.nyc,2016-01-09T03:10:24.000,INDIV
scull.nyc,2015-02-05T20:02:58.000,INDIV
adstore.nyc,2016-08-11T15:42:03.000,INDIV
swig.nyc,2018-02-26T16:03:33.000,INDIV
qprime.nyc,2014-10-03T15:50:31.000,ORG
centralparkwestbraces.nyc,2014-10-08T15:01:54.000,INDIV
toothfairy.nyc,2016-07-20T01:29:11.000,ORG
poolparties.nyc,2014-11-11T20:11:06.000,INDIV
skematic.nyc,2017-03-13T15:16:36.000,INDIV
jetsurf.nyc,2016-12-10T22:40:56.000,INDIV
ledsigns.nyc,2014-10-08T15:00:32.000,INDIV
eventvideographer.nyc,2014-10-18T15:29:21.000,INDIV
cone.nyc,2014-10-08T19:49:57.000,ORG
urbanhealth.nyc,2014-12-22T03:12:27.000,ORG
safeguards.nyc,2018-02-26T23:35:55.000,ORG
sarahandjonathan.nyc,2017-07-26T20:42:28.000,INDIV
richardprince.nyc,2016-03-11T20:51:05.000,INDIV
cchospitality.nyc,2015-10-26T21:37:25.000,ORG
nychospitals.nyc,2014-10-03T12:57:00.000,ORG
npre.nyc,2014-10-08T15:00:18.000,INDIV
jessicaescobar.nyc,2014-10-12T03:54:29.000,INDIV
nygreen.nyc,2014-10-08T15:00:36.000,INDIV
arearugcleaners.nyc,2014-10-31T00:08:11.000,INDIV
flatratemovers.nyc,2014-10-08T15:00:49.000,ORG
weed4u.nyc,2014-11-30T22:59:08.000,INDIV
dwellingmanagers.nyc,2018-02-26T16:03:37.000,INDIV
nycap.nyc,2016-09-19T16:16:29.000,ORG
zeckendorf.nyc,2018-02-26T16:03:33.000,INDIV
ethos.nyc,2014-10-08T15:00:33.000,INDIV
justinsteele.nyc,2015-01-02T15:52:55.000,INDIV
mwest.nyc,2015-02-06T22:16:48.000,INDIV
shopworks.nyc,2018-02-26T13:53:57.000,ORG
harlemworks.nyc,2017-02-10T19:52:47.000,ORG
mgirl.nyc,2014-11-10T06:51:56.000,INDIV
vgd.nyc,2014-10-03T15:47:46.000,ORG
dogrunner.nyc,2017-05-14T06:19:27.000,INDIV
drsusanbirne-stone.nyc,2015-07-17T17:39:28.000,INDIV
barneys.nyc,2017-08-03T21:47:00.000,ORG
washingtonsquare.nyc,2014-10-08T15:01:38.000,INDIV
cranberry.nyc,2014-12-02T23:20:31.000,ORG
chidvilasananda.nyc,2014-11-18T16:10:20.000,ORG
lukeruha.nyc,2017-07-28T14:51:58.000,INDIV
havanaharlem.nyc,2016-05-24T16:22:22.000,ORG
princeton.nyc,2017-03-16T04:10:20.000,INDIV
samedaydelivery.nyc,2017-08-02T15:01:09.000,ORG
bodegas.nyc,2014-10-08T15:00:18.000,INDIV
handicaptransportation.nyc,2015-11-25T17:13:38.000,ORG
burg.nyc,2014-12-28T02:50:44.000,ORG
michaelp.nyc,2014-10-08T15:01:06.000,INDIV
filmdirector.nyc,2014-10-08T20:13:15.000,ORG
rent.nyc,2016-09-27T20:45:16.000,ORG
brooklynparking.nyc,2014-11-25T19:08:11.000,INDIV
lincolnsquareapts.nyc,2014-10-03T15:38:34.000,INDIV
robertbonhomme.nyc,2014-10-10T22:16:19.000,INDIV
wimsy.nyc,2014-10-16T17:15:39.000,INDIV
nytime.nyc,2014-10-18T05:46:57.000,INDIV
bazaarnoir.nyc,2016-03-18T15:25:59.000,ORG
babelish.nyc,2018-02-26T16:37:32.000,INDIV
iboc.nyc,2018-02-26T01:22:24.000,ORG
officewalls.nyc,2016-06-16T15:16:18.000,ORG
pvf.nyc,2015-04-08T13:21:52.000,ORG
cpp.nyc,2014-10-08T15:00:43.000,INDIV
designwright.nyc,2016-11-28T23:41:57.000,ORG
imperoitaliano.nyc,2017-02-17T22:09:08.000,INDIV
orikami.nyc,2015-11-30T18:00:45.000,ORG
lovehatecity.nyc,2014-10-08T15:01:35.000,ORG
e-submissions.nyc,2018-02-26T23:35:52.000,INDIV
pals.nyc,2014-10-09T19:02:43.000,INDIV
sex-mm.nyc,2014-11-23T18:27:55.000,INDIV
bdcctp.nyc,2017-02-14T21:48:14.000,ORG
citygurl.nyc,2014-10-08T15:01:13.000,INDIV
heatheroneill.nyc,2015-09-18T14:04:05.000,INDIV
infotech.nyc,2014-10-09T05:10:39.000,ORG
leaveittogod.nyc,2018-02-26T20:13:15.000,INDIV
eggfreezing.nyc,2014-10-30T16:34:20.000,ORG
kweer.nyc,2018-02-26T10:22:08.000,INDIV
dalklehel.nyc,2014-12-25T20:02:52.000,INDIV
month2month.nyc,2018-02-26T17:27:52.000,INDIV
lesouk.nyc,2016-02-08T03:08:47.000,ORG
danagoldstein.nyc,2014-11-12T16:37:22.000,INDIV
empireforceevents.nyc,2014-10-03T15:38:16.000,ORG
guerrillaweddings.nyc,2016-06-03T18:41:44.000,INDIV
clone.nyc,2014-12-04T23:58:51.000,ORG
wheelchair.nyc,2014-11-10T12:32:23.000,ORG
preferredvendor.nyc,2016-09-10T17:05:36.000,INDIV
liffey.nyc,2015-02-06T17:49:35.000,INDIV
authentic.nyc,2014-10-08T15:00:00.000,INDIV
tekscape.nyc,2014-10-08T15:00:57.000,ORG
harkins.nyc,2015-05-07T19:36:01.000,INDIV
medicalmarijuanadispensaries.nyc,2015-11-22T07:21:17.000,INDIV
baronvonmilo.nyc,2015-08-27T18:56:53.000,INDIV
chelseacondos.nyc,2014-10-03T15:42:24.000,INDIV
fabon5th.nyc,2014-10-24T21:48:20.000,ORG
cosmeticdermatologist.nyc,2015-04-02T19:12:31.000,ORG
shortell.nyc,2014-10-08T22:21:02.000,INDIV
manhattanorthodontics.nyc,2014-10-08T15:01:47.000,INDIV
eastrivermedicalimaging.nyc,2014-10-27T19:12:35.000,ORG
lvyou.nyc,2015-04-04T10:12:04.000,INDIV
goodbeer.nyc,2014-10-08T17:06:46.000,INDIV
e-submission.nyc,2018-02-26T23:35:52.000,INDIV
dreamcatcherevents.nyc,2018-02-26T18:12:09.000,ORG
kerekes.nyc,2014-10-08T15:00:47.000,ORG
nabes.nyc,2015-02-19T22:17:49.000,INDIV
benedek.nyc,2014-10-08T17:56:32.000,INDIV
inuswetrust.nyc,2016-04-14T01:16:54.000,INDIV
bestcostume.nyc,2016-04-07T16:37:34.000,INDIV
brooklynbridgerealty.nyc,2014-10-03T15:48:38.000,ORG
mos.nyc,2016-03-08T19:25:11.000,ORG
hillel.nyc,2017-08-13T18:43:05.000,INDIV
willoughbysq.nyc,2015-02-13T13:45:51.000,ORG
mgb.nyc,2014-10-09T01:24:41.000,INDIV
awny.nyc,2015-01-21T08:47:08.000,INDIV
vrbroadway.nyc,2017-08-04T22:39:32.000,INDIV
rare.nyc,2014-10-10T01:39:03.000,INDIV
mottley.nyc,2016-12-31T17:13:41.000,ORG
krost.nyc,2018-02-26T23:40:56.000,INDIV
nycimmigrationevals.nyc,2018-02-26T03:24:26.000,ORG
eztaxi.nyc,2014-10-08T15:00:32.000,INDIV
fuckbreitbart.nyc,2016-05-12T21:53:12.000,ORG
leadinghotelsoftheworld.nyc,2014-10-08T15:01:29.000,INDIV
smokedbone.nyc,2017-08-05T16:59:14.000,INDIV
photogala.nyc,2014-10-03T15:51:44.000,ORG
teamworks.nyc,2016-08-06T21:26:35.000,ORG
dinnerclub.nyc,2014-10-11T15:52:07.000,INDIV
axxeman.nyc,2014-10-08T15:52:08.000,INDIV
achieve.nyc,2014-10-03T15:47:40.000,ORG
kimberlyyung.nyc,2014-11-08T05:55:52.000,INDIV
fashionbargain.nyc,2016-03-12T07:13:17.000,INDIV
emiliog.nyc,2014-12-23T04:22:00.000,INDIV
theblackpowerprom.nyc,2017-08-20T18:00:27.000,INDIV
wallart.nyc,2015-07-25T20:46:53.000,ORG
mwm.nyc,2015-01-07T23:20:16.000,INDIV
eubanks.nyc,2018-02-26T20:51:01.000,INDIV
ether.nyc,2016-03-08T22:17:02.000,INDIV
swearby.nyc,2016-06-16T15:23:38.000,ORG
bloomingdalerestaurants.nyc,2015-04-03T17:01:39.000,ORG
lierecords.nyc,2018-02-26T20:04:48.000,INDIV
extravirgin.nyc,2014-10-03T15:56:02.000,INDIV
townmarkets.nyc,2017-07-29T19:44:38.000,INDIV
nox.nyc,2018-02-26T15:58:20.000,ORG
lucythebaker.nyc,2015-02-27T22:00:59.000,INDIV
xposed.nyc,2018-02-26T20:16:16.000,ORG
mermaidmedia.nyc,2014-10-03T15:49:00.000,ORG
urbanlife.nyc,2016-02-09T00:02:02.000,INDIV
newdirectors.nyc,2014-11-21T18:10:15.000,ORG
jennica.nyc,2014-12-02T19:10:24.000,INDIV
2020startups.nyc,2016-04-18T17:02:40.000,INDIV
felixgonzalez-torresfoundation.nyc,2014-12-16T21:26:04.000,ORG
bluechipclean.nyc,2014-10-03T15:51:38.000,ORG
stats.nyc,2014-10-09T19:23:16.000,ORG
sidekicksauce.nyc,2016-04-08T21:48:47.000,ORG
inhouse2124.nyc,2016-05-04T15:32:20.000,INDIV
rimeshedra.nyc,2014-10-03T15:37:07.000,INDIV
mattioli.nyc,2014-10-03T15:43:45.000,INDIV
grathwohl.nyc,2015-07-15T16:03:51.000,ORG
norge.nyc,2014-10-24T23:26:16.000,INDIV
kubernetes.nyc,2016-09-23T20:27:47.000,ORG
690.nyc,2015-09-02T14:15:33.000,ORG
middlevillagerealestate.nyc,2014-11-09T07:22:43.000,ORG
soundandmotion.nyc,2014-10-08T15:01:28.000,ORG
madi.nyc,2018-02-27T15:54:48.000,INDIV
portalhex.nyc,2014-11-10T04:47:08.000,INDIV
skyviewmanagement.nyc,2016-04-29T13:49:36.000,ORG
unisexxx.nyc,2015-05-08T03:15:00.000,ORG
jfit.nyc,2018-02-27T18:56:07.000,ORG
taouptown.nyc,2014-10-08T15:01:27.000,INDIV
wetcleaners.nyc,2014-10-03T15:48:54.000,ORG
gavinli.nyc,2015-01-27T16:14:52.000,INDIV
merchants.nyc,2014-10-08T15:00:12.000,INDIV
lacasitaverde.nyc,2015-01-08T05:16:39.000,ORG
girlsthatbuild.nyc,2016-07-25T22:06:38.000,ORG
abbeylocksmith.nyc,2014-10-03T15:47:00.000,ORG
mikeyd.nyc,2014-10-08T22:52:16.000,INDIV
documentarian.nyc,2015-02-12T05:06:27.000,INDIV
nysprinkler.nyc,2014-10-08T20:36:47.000,ORG
doremi.nyc,2015-07-11T19:51:35.000,ORG
vapes.nyc,2014-10-08T18:12:29.000,ORG
koshercatering.nyc,2014-10-03T15:34:24.000,INDIV
acidreflux.nyc,2015-02-28T19:46:08.000,INDIV
check-cashing.nyc,2014-12-09T19:24:14.000,ORG
omen.nyc,2017-07-08T02:45:01.000,INDIV
bloombergfamilycharitablefoundation.nyc,2014-10-22T15:53:05.000,ORG
carlier.nyc,2015-03-12T20:19:25.000,INDIV
apartmentlistings.nyc,2014-10-30T16:34:41.000,ORG
ta-sciences.nyc,2014-11-11T02:54:14.000,ORG
freeman.nyc,2014-10-08T15:00:12.000,INDIV
linkedinphoto.nyc,2018-02-27T20:26:47.000,ORG
nsi.nyc,2016-03-03T01:36:38.000,INDIV
ares.nyc,2017-02-07T07:08:08.000,ORG
iwfilms.nyc,2018-02-27T04:51:05.000,ORG
eyespecialist.nyc,2014-10-08T17:02:23.000,ORG
bigcitymovers.nyc,2018-02-27T22:38:21.000,ORG
brielle.nyc,2015-10-05T19:24:48.000,INDIV
onthemarket.nyc,2014-10-08T15:00:48.000,ORG
tagnyc.nyc,2015-01-11T01:20:03.000,ORG
bnsrealestate.nyc,2014-10-08T15:00:51.000,ORG
casual.nyc,2014-10-08T15:00:11.000,INDIV
giveasip.nyc,2018-02-27T15:23:17.000,ORG
jennifernovack.nyc,2014-10-09T00:29:17.000,INDIV
opentop.nyc,2016-05-30T13:16:45.000,ORG
propsfortoday.nyc,2014-10-03T15:52:01.000,INDIV
wastecorp.nyc,2014-10-03T15:45:58.000,ORG
madewithkodak.nyc,2015-11-03T16:13:05.000,ORG
bittergreen.nyc,2015-05-05T14:50:06.000,ORG
bartleby.nyc,2017-03-15T22:36:25.000,INDIV
isbe.nyc,2017-07-07T06:12:54.000,INDIV
kingofkush.nyc,2014-11-26T07:00:29.000,ORG
scarlettrosewfl.nyc,2018-02-27T21:24:45.000,INDIV
penthouseapartments.nyc,2014-11-06T05:33:11.000,INDIV
theoutsidein.nyc,2016-03-08T13:01:49.000,INDIV
chai.nyc,2017-05-02T18:38:53.000,INDIV
housingworks.nyc,2014-10-08T15:01:28.000,INDIV
central-park.nyc,2014-10-16T15:09:44.000,INDIV
soulstreetfilms.nyc,2014-11-08T19:04:22.000,INDIV
statenislandshopping.nyc,2017-04-01T01:20:29.000,INDIV
contentagency.nyc,2014-10-15T18:17:00.000,ORG
holisticmentalhealth.nyc,2016-01-31T23:01:03.000,INDIV
concorde.nyc,2018-02-27T00:27:41.000,ORG
latinamerican.nyc,2015-10-21T03:22:50.000,INDIV
millionwomen.nyc,2016-11-14T07:22:38.000,INDIV
aliyah.nyc,2016-06-16T14:51:05.000,ORG
finalword.nyc,2014-10-03T15:48:20.000,ORG
alexandergerard.nyc,2014-12-25T03:00:53.000,INDIV
petertheodorou.nyc,2014-10-08T15:01:44.000,ORG
miguelangel.nyc,2015-08-30T23:49:19.000,INDIV
maniac.nyc,2014-10-13T04:27:58.000,ORG
brennan.nyc,2014-10-09T01:52:29.000,INDIV
authenticthaimassage.nyc,2014-12-06T16:57:21.000,ORG
creativeartstherapist.nyc,2014-10-17T00:05:24.000,INDIV
ayala.nyc,2014-10-16T02:16:00.000,INDIV
popupbrooklyn.nyc,2017-04-21T23:15:31.000,ORG
idprinter.nyc,2014-11-10T15:52:41.000,ORG
usl.nyc,2015-07-14T16:17:26.000,ORG
sellmygold.nyc,2017-01-25T08:38:04.000,INDIV
maneadvocates.nyc,2017-03-05T15:16:47.000,ORG
nolitacinema.nyc,2014-11-24T15:33:30.000,INDIV
broadwayspace.nyc,2015-01-18T05:17:32.000,ORG
medicaldictation.nyc,2014-11-06T05:12:01.000,INDIV
designbox.nyc,2016-08-30T20:46:38.000,INDIV
savour.nyc,2014-10-08T15:00:41.000,INDIV
goldenwood.nyc,2016-02-24T16:41:11.000,INDIV
gostudy.nyc,2014-11-11T07:48:09.000,INDIV
lgpltd.nyc,2014-12-10T16:16:10.000,ORG
allied.nyc,2014-10-08T15:01:17.000,INDIV
ruchi.nyc,2014-10-16T15:05:11.000,ORG
inbound.nyc,2014-10-08T17:12:46.000,INDIV
extortiondefender.nyc,2014-11-05T17:53:55.000,ORG
travelwifi.nyc,2016-08-10T10:17:30.000,ORG
adelphinyc.nyc,2014-11-21T20:20:46.000,ORG
1407.nyc,2014-10-08T21:24:26.000,ORG
iconparkingsystems.nyc,2014-10-03T15:33:30.000,ORG
honestmike.nyc,2016-05-01T17:23:50.000,INDIV
visioneer.nyc,2017-08-30T17:03:04.000,ORG
wewillneverforget.nyc,2014-10-08T15:01:15.000,INDIV
foraging.nyc,2014-11-09T14:07:20.000,ORG
zaka.nyc,2014-10-14T00:49:35.000,ORG
petprojects.nyc,2017-07-13T16:55:02.000,ORG
devops.nyc,2018-02-27T17:45:25.000,ORG
ory.nyc,2015-05-13T19:13:55.000,INDIV
setteo.nyc,2015-10-21T03:59:50.000,INDIV
savagestickers.nyc,2018-02-27T21:12:11.000,ORG
construction.nyc,2016-08-26T20:41:34.000,INDIV
volunteers.nyc,2014-10-14T09:29:51.000,INDIV
particlestudios.nyc,2015-07-09T14:40:55.000,ORG
clothingdiscounts.nyc,2016-03-12T07:13:38.000,INDIV
itgroup.nyc,2014-10-21T18:28:05.000,ORG
keating.nyc,2016-08-29T21:34:17.000,ORG
officer.nyc,2018-02-27T18:02:09.000,ORG
outsourcedvpmarketing.nyc,2015-02-25T18:04:03.000,INDIV
911memorial.nyc,2016-06-10T14:40:50.000,ORG
lefleuriste.nyc,2015-02-07T21:47:37.000,ORG
zillavodnas.nyc,2015-06-20T21:37:29.000,INDIV
ramenburger.nyc,2014-12-13T20:48:58.000,INDIV
redflower.nyc,2014-12-03T18:40:35.000,ORG
carnavaldebarranquilla.nyc,2017-08-29T18:30:39.000,ORG
ntl.nyc,2014-10-08T15:00:17.000,INDIV
kevinocallaghan.nyc,2018-02-27T19:57:51.000,INDIV
rebeccadavis.nyc,2014-10-17T17:39:13.000,INDIV
luxurious.nyc,2016-06-22T04:09:45.000,INDIV
cosmetics.nyc,2016-10-07T16:59:32.000,ORG
newplace.nyc,2017-06-02T12:49:34.000,INDIV
pacific.nyc,2016-10-04T15:41:23.000,ORG
tutorcity.nyc,2014-10-08T15:00:14.000,INDIV
thechordclub.nyc,2015-03-18T22:43:51.000,ORG
bigvision.nyc,2015-01-08T19:22:43.000,INDIV
arigeme.nyc,2014-10-08T15:01:41.000,ORG
arvin.nyc,2016-04-12T15:25:38.000,INDIV
crafted.nyc,2014-10-08T15:23:20.000,ORG
bathgate.nyc,2016-05-18T19:54:45.000,ORG
regoparkrentals.nyc,2015-02-04T03:24:34.000,ORG
antiagingskincare.nyc,2018-02-27T23:24:49.000,ORG
joycewan.nyc,2016-12-15T16:38:19.000,INDIV
petermoses.nyc,2014-10-08T22:47:10.000,INDIV
kdfitness.nyc,2015-02-04T01:54:18.000,INDIV
ritzcarlton.nyc,2014-10-08T16:30:12.000,ORG
humanrightslaw.nyc,2014-11-20T13:14:29.000,ORG
higherarchy.nyc,2016-08-24T15:43:45.000,INDIV
crucampus.nyc,2018-02-27T16:07:32.000,INDIV
ldi.nyc,2014-11-26T21:21:37.000,ORG
greenberglaw.nyc,2014-10-08T15:00:43.000,ORG
angelball.nyc,2017-05-04T14:02:38.000,ORG
gambs.nyc,2014-10-08T15:01:07.000,INDIV
josephroberts.nyc,2015-12-01T20:06:38.000,INDIV
